coords,nb_x,nb_y,likelihood,nt_x,nt_y,likelihood,adam_x,adam_y,likelihood,nb_ad_x,nb_ad_y,nt_ad_x,nt_ad_y
0,156.0628815,216.2346191,1,156.3708496,254.0541229,1,199.1340179,348.1497803,1,43.07113647,131.9151611,42.76316833,94.09565735
1,156.35849,216.0425262,1,156.8052063,253.93927,1,199.1168671,348.2468262,1,42.75837708,132.2042999,42.31166077,94.30755615
2,156.4820099,215.9748535,1,157.1647644,253.7689819,1,199.079895,348.3459778,1,42.59788513,132.3711243,41.91513062,94.57699585
3,156.7759705,215.0766907,1,156.7861176,253.5075684,1,198.9775391,348.6851196,1,42.2015686,133.608429,42.19142151,95.17755127
4,156.7759705,215.0766907,1,156.7861328,253.5075531,1,198.9770355,348.6851807,1,42.20106506,133.60849,42.19090271,95.17762756
5,156.615036,215.0324249,1,156.3556061,252.6157074,1,198.4243317,348.136322,1,41.80929565,133.1038971,42.06872559,95.52061462
6,155.3936157,215.836853,1,155.0397034,253.7475891,1,198.137207,348.5296631,1,42.74359131,132.6928101,43.09750366,94.78207397
7,153.9964142,216.7802734,1,154.0286255,254.3996124,1,198.0099945,348.645752,1,44.01358032,131.8654785,43.98136902,94.24613953
8,151.6377716,217.4728394,1,152.4549103,254.6715851,1,198.0446625,348.5588074,1,46.40689087,131.085968,45.5897522,93.88722229
9,150.20784,218.0432129,1,151.8823853,255.0314789,1,197.5696106,348.2809143,1,47.36177063,130.2377014,45.68722534,93.24943542
10,149.712738,218.0787659,1,151.0735016,254.9402771,1,197.444809,348.3409119,1,47.73207092,130.262146,46.37130737,93.40063477
11,149.557724,218.0438995,1,150.8024292,254.738678,1,197.6837311,348.2721252,1,48.12600708,130.2282257,46.88130188,93.53344727
12,149.5827484,217.9137268,1,150.8456116,254.7131042,1,197.4498138,348.1304321,1,47.86706543,130.2167053,46.60420227,93.41732788
13,149.5827637,217.9136963,1,150.8455658,254.7129517,1,197.4496155,348.1302795,1,47.86685181,130.2165833,46.60404968,93.41732788
14,149.0559235,218.2545166,1,150.1687469,255.4608612,1,197.2910156,347.900177,1,48.23509216,129.6456604,47.12226868,92.4393158
15,148.5899048,218.9060211,1,149.5188141,256.2979431,1,197.3305969,347.8721313,1,48.74069214,128.9661102,47.81178284,91.57418823
16,148.2093353,218.8003998,1,148.9051666,256.8022766,1,196.8103333,348.0745239,1,48.60099792,129.2741241,47.90516663,91.27224731
17,147.4066772,219.7759247,1,148.3873444,258.1466064,1,196.6936188,348.0462952,1,49.28694153,128.2703705,48.30627441,89.89968872
18,146.8750305,220.3175354,1,147.9508514,258.5809021,1,196.2046204,347.6322327,1,49.32958984,127.3146973,48.25376892,89.05133057
19,146.546463,221.3020325,1,147.5307007,258.7166748,1,196.0487366,347.3256531,1,49.50227356,126.0236206,48.51803589,88.60897827
20,146.3770447,221.4349213,1,147.5312653,258.8058472,1,196.0799103,347.2835083,1,49.7028656,125.848587,48.54864502,88.47766113
21,145.8353577,221.2640991,1,147.3046417,258.4781799,1,195.7456512,347.5820923,1,49.91029358,126.3179932,48.44100952,89.10391235
22,145.7350159,221.4212189,1,147.3052979,258.5243835,1,195.5582733,347.5265198,1,49.82325745,126.1053009,48.25297546,89.00213623
23,145.7104034,221.2670441,1,147.354126,258.6182556,1,195.5192413,347.9072876,1,49.80883789,126.6402435,48.16511536,89.28903198
24,145.9447784,222.6924896,1,147.8742218,259.8020935,1,195.3908081,347.7863159,1,49.44602966,125.0938263,47.5165863,87.98422241
25,145.9606018,222.3760529,1,148.1881714,259.7115479,1,195.3906555,347.9871826,1,49.43005371,125.6111298,47.20248413,88.27563477
26,146.2548676,221.6319122,1,148.3708649,259.5447693,1,195.6661072,347.9889832,1,49.41123962,126.3570709,47.29524231,88.44421387
27,146.5605621,222.070343,1,148.893631,259.8764343,1,195.276123,347.8148804,1,48.71556091,125.7445374,46.38249207,87.93844604
28,146.6291351,222.2521667,1,149.2249451,260.0365906,1,195.2743835,347.9651794,1,48.64524841,125.7130127,46.04943848,87.92858887
29,146.8488617,222.6844635,1,149.6363983,260.157196,1,195.4228058,347.7034912,1,48.57394409,125.0190277,45.78640747,87.54629517
30,147.0952148,222.9738617,1,149.8024902,260.7240601,1,195.8314667,347.799469,1,48.73625183,124.8256073,46.02897644,87.07540894
31,147.4087982,222.9713593,1,149.8384094,260.7415161,1,195.6932068,347.8619995,1,48.28440857,124.8906403,45.85479736,87.1204834
32,147.3638763,223.2753906,1,149.8661346,260.8405151,1,195.4617767,347.8001404,1,48.09790039,124.5247498,45.59564209,86.95962524
33,147.0700073,223.4709778,1,149.7039337,261.1636658,1,195.6158295,347.7416992,1,48.54582214,124.2707214,45.91189575,86.57803345
34,146.9271851,223.7436371,1,149.6177063,261.0502625,1,195.5331421,347.7106628,1,48.60595703,123.9670258,45.91543579,86.66040039
35,146.9859772,223.884079,1,149.2502747,261.7234497,1,195.6271362,347.6364441,1,48.64115906,123.7523651,46.37686157,85.91299438
36,146.8914948,224.0713348,1,149.1827545,261.8012085,1,195.8604126,347.5477905,1,48.96891785,123.4764557,46.67765808,85.74658203
37,146.9259338,224.1917267,1,149.213562,262.0757446,1,195.8568115,347.4369812,1,48.93087769,123.2452545,46.64324951,85.36123657
38,146.8334656,224.606308,1,149.2730865,262.2132874,1,195.8863678,347.4832153,1,49.05290222,122.8769073,46.61328125,85.26992798
39,146.6591339,224.7632751,1,149.0627136,262.069519,1,195.9990692,347.4506226,1,49.3399353,122.6873474,46.93635559,85.38110352
40,146.3937378,224.8140717,1,148.7090149,262.1470032,1,196.0008087,347.3852844,1,49.60707092,122.5712128,47.29179382,85.23828125
41,146.3101807,225.2395172,1,148.3332367,262.3528137,1,195.7709961,347.4478455,1,49.46081543,122.2083282,47.4377594,85.09503174
42,146.1934204,225.5139008,1,148.1636963,262.3896179,1,195.5781403,347.321167,1,49.38471985,121.8072662,47.41444397,84.93154907
43,145.930481,225.5920715,1,147.8537292,262.1566467,1,195.6236115,347.0114136,1,49.69313049,121.419342,47.7698822,84.85476685
44,145.8439941,225.4048309,1,147.892334,262.0818481,1,195.4671783,346.9396362,1,49.6231842,121.5348053,47.57484436,84.85778809
45,146.489975,225.8641968,1,148.2793884,262.58078,1,195.3954163,346.2313232,1,48.90544128,120.3671265,47.11602783,83.65054321
46,146.4365845,225.8291168,1,148.3827972,262.3349609,1,195.1342773,346.1930237,1,48.69769287,120.3639069,46.7514801,83.85806274
47,146.7277374,225.6133881,1,148.6987762,262.2632141,1,195.1669464,346.1234436,1,48.43920898,120.5100555,46.46817017,83.86022949
48,146.8770294,225.0798492,1,148.770401,262.482666,1,195.2794342,345.9986267,1,48.40240479,120.9187775,46.5090332,83.51596069
49,147.107193,224.8121796,1,149.2398376,262.4480591,1,195.3545685,345.9801941,1,48.24737549,121.1680145,46.11473083,83.53213501
50,147.9333801,223.7890778,1,149.9811096,262.0379028,1,195.6933136,346.2773438,1,47.75993347,122.488266,45.71220398,84.23944092
51,147.5996552,222.8376007,1,150.1291962,261.2362061,1,196.2571869,346.1854553,1,48.65753174,123.3478546,46.12799072,84.94924927
52,147.9311066,221.6545715,1,150.171463,260.1270142,1,196.3228302,346.0079956,1,48.39172363,124.3534241,46.15136719,85.88098145
53,148.914093,220.675827,1,151.0820007,259.106842,1,196.4706573,345.6721497,1,47.55656433,124.9963226,45.38865662,86.56530762
54,150.0861969,219.710968,1,151.5976868,257.8141479,1,196.419632,345.2001953,1,46.33343506,125.4892273,44.82194519,87.38604736
55,150.611618,218.7266388,1,152.0791473,257.0943298,1,195.9021606,344.4558716,1,45.2905426,125.7292328,43.82301331,87.36154175
56,150.8689117,218.2621155,1,152.4821625,256.1874695,1,195.5254364,344.2243652,1,44.65652466,125.9622498,43.04327393,88.03689575
57,150.7678528,218.0605164,1,152.6789093,255.2549438,1,195.128418,343.6483154,1,44.36056519,125.5877991,42.44950867,88.39337158
58,151.3456879,217.3890686,1,152.836792,254.3642883,1,195.2847443,343.4493408,1,43.9390564,126.0602722,42.44795227,89.08505249
59,151.7557678,216.8100128,1,153.1226044,253.6933899,1,195.2444153,343.1800537,1,43.48864746,126.3700409,42.12181091,89.48666382
60,152.049881,215.8644867,1,153.27211,252.7566376,1,196.2804565,341.5747986,1,44.23057556,125.7103119,43.00834656,88.81816101
61,152.5770721,216.5113983,1,153.6942596,252.4048615,1,196.0969543,341.0124207,1,43.5198822,124.5010223,42.4026947,88.6075592
62,152.7662964,215.5423279,1,153.8264923,251.4636536,1,196.1658173,340.9274902,1,43.39952087,125.3851624,42.33932495,89.46383667
63,152.08255,214.7280273,1,153.9183807,251.0600433,1,196.1599426,340.8585205,1,44.07739258,126.1304932,42.24156189,89.79847717
64,152.7042389,215.1424408,1,154.0015411,251.2229004,1,196.199646,340.8141479,1,43.4954071,125.6717072,42.19810486,89.59124756
65,152.4008942,215.5674438,1,153.6140594,251.1643677,1,196.311615,341.2191772,1,43.91072083,125.6517334,42.69755554,90.05480957
66,152.0413055,216.3035126,1,152.7914124,251.8965912,1,196.560791,340.962677,1,44.51948547,124.6591644,43.76937866,89.06608582
67,150.3350677,217.0461273,1,151.2870789,252.7864532,1,196.6518402,340.9906006,1,46.31677246,123.9444733,45.36476135,88.20414734
68,148.7617188,217.7073059,1,149.6813507,254.1032257,1,196.4887238,340.8800659,1,47.727005,123.17276,46.80737305,86.77684021
69,148.1305084,218.3414459,1,148.4771881,254.586792,1,196.5731812,340.9573059,1,48.44267273,122.61586,48.09599304,86.37051392
70,147.7835388,218.4474182,1,148.2635651,254.6992188,1,196.3203278,341.3605652,1,48.53678894,122.913147,48.0567627,86.66134644
71,147.7055054,218.458252,1,148.3875122,254.6555939,1,196.3149719,341.4869995,1,48.60946655,123.0287476,47.92745972,86.83140564
72,147.77948,218.756485,1,148.8806763,254.1733704,1,196.5270691,341.3913879,1,48.74758911,122.634903,47.64639282,87.21801758
73,147.5216827,219.3456421,1,148.9959717,255.1001434,1,196.5226898,341.3226624,1,49.00100708,121.9770203,47.52671814,86.22251892
74,147.3371429,219.6955261,1,148.916214,255.9740448,1,196.4913635,341.565979,1,49.15422058,121.8704529,47.57514954,85.5919342
75,146.7369537,221.0112305,1,148.0731659,257.1791687,1,196.3919678,341.5732422,1,49.65501404,120.5620117,48.31880188,84.39407349
76,146.0706635,222.1530151,1,147.1581726,258.469635,1,196.4192047,341.6614685,1,50.34854126,119.5084534,49.2610321,83.1918335
77,144.5016479,222.8331909,1,145.9531555,258.9295044,1,196.1752625,341.6349182,1,51.6736145,118.8017273,50.22210693,82.70541382
78,143.4978943,223.2971497,1,144.7952881,259.8795776,1,196.2503662,341.5507507,1,52.75247192,118.2536011,51.45507813,81.6711731
79,142.5400696,223.4686432,1,143.9915619,260.2867126,1,196.1072845,341.1345215,1,53.56721497,117.6658783,52.11572266,80.84780884
80,142.0789642,223.2362976,1,143.7671967,260.2774353,1,195.9884338,341.387085,1,53.9094696,118.1507874,52.22123718,81.10964966
81,142.1415253,223.4038696,1,143.7737427,260.2860718,1,195.9973907,341.4068298,1,53.85586548,118.0029602,52.22364807,81.12075806
82,142.1743622,223.3889618,1,143.691452,260.6411133,1,195.7794647,341.3535767,1,53.60510254,117.9646149,52.0880127,80.71246338
83,141.882782,223.353363,1,143.7264404,261.0689087,1,195.9511108,341.4878845,1,54.06832886,118.1345215,52.22467041,80.41897583
84,141.885025,223.1983337,1,143.4237061,260.7091675,1,195.9491119,341.3857422,1,54.06408691,118.1874084,52.52540588,80.67657471
85,141.9294586,223.1352081,1,143.5916443,260.6691589,1,195.9893951,341.4877319,1,54.05993652,118.3525238,52.39775085,80.818573
86,141.971405,223.0735931,1,143.6311646,260.4691772,1,195.7168732,341.6165161,1,53.74546814,118.542923,52.08570862,81.14733887
87,141.821167,223.3495941,1,143.4177856,260.6387634,1,195.9740601,341.8135681,1,54.15289307,118.463974,52.55627441,81.17480469
88,141.8262329,223.0458069,1,143.4638977,260.5620728,1,195.903717,341.9035645,1,54.07748413,118.8577576,52.43981934,81.3414917
89,142.6486969,222.9481049,1,143.9506989,260.1463318,1,195.9313202,341.9146729,1,53.28262329,118.966568,51.98062134,81.76834106
90,143.3862,222.7355347,1,144.5361176,259.9782715,1,195.8166504,342.2980347,1,52.43045044,119.5625,51.28053284,82.31976318
91,143.6214142,222.2206726,1,145.1093597,259.4045715,1,195.7617493,342.6800537,1,52.14033508,120.4593811,50.65238953,83.27548218
92,144.3088074,221.904541,1,145.343338,258.8509216,1,195.7529907,343.0548401,1,51.44418335,121.1502991,50.40965271,84.20391846
93,144.9065704,221.2516632,1,145.9228363,258.4492493,1,195.8117523,342.8696899,1,50.90518188,121.6180267,49.88891602,84.42044067
94,145.5272217,220.6914825,1,146.3963623,257.4874268,1,195.7020569,342.9064941,1,50.17483521,122.2150116,49.30569458,85.41906738
95,146.1277466,219.6602783,1,146.9636993,257.1200562,1,195.5912476,343.1112671,1,49.46350098,123.4509888,48.62754822,85.99121094
96,146.3056793,218.9219513,1,147.5095825,256.3172302,1,195.7661896,343.3784485,1,49.46051025,124.4564972,48.25660706,87.06121826
97,146.8622742,218.5799561,1,148.2942657,255.4296112,1,195.9270782,343.7336731,1,49.06480408,125.153717,47.6328125,88.30406189
98,147.6039581,217.6213989,1,149.1019897,254.5968628,1,195.8453369,344.1117249,1,48.24137878,126.4903259,46.74334717,89.51486206
99,148.2228394,216.6453705,1,150.2146301,253.7640533,1,195.9362183,344.4689636,1,47.71337891,127.8235931,45.72158813,90.70491028
100,149.6824493,216.0628662,1,151.571991,252.8031006,1,195.8465729,344.9826355,1,46.16412354,128.9197693,44.27458191,92.17953491
101,150.4531097,215.6928406,1,152.7052002,252.1946259,1,195.9227905,345.2099915,1,45.46968079,129.5171509,43.21759033,93.0153656
102,151.5624542,214.9165039,1,153.4161072,251.8699646,1,196.0291443,345.3745422,1,44.46669006,130.4580383,42.61303711,93.50457764
103,153.0255432,214.0041656,1,153.6628265,251.5693512,1,196.3656464,345.3330078,1,43.34010315,131.3288422,42.70281982,93.76365662
104,154.1825562,212.9335632,1,153.9017029,250.9391479,1,196.7944946,345.4478149,1,42.61193848,132.5142517,42.89279175,94.50866699
105,155.1862488,212.4958801,1,154.3912048,250.5813599,1,196.8625793,344.9621582,1,41.67633057,132.4662781,42.47137451,94.38079834
106,155.3919983,211.932373,1,154.5138702,250.1608124,1,196.7680817,344.1578369,1,41.37608337,132.2254639,42.25421143,93.99702454
107,156.221344,211.6897736,1,155.598938,249.8930664,1,196.448288,343.8139954,1,40.22694397,132.1242218,40.84934998,93.92092896
108,157.3162537,211.0800629,1,155.8390045,249.2968597,1,196.5335236,343.2190552,1,39.2172699,132.1389923,40.69451904,93.92219543
109,158.3415222,210.7740173,1,156.2893982,249.2772827,1,196.6878052,343.4812622,1,38.34628296,132.7072449,40.39840698,94.20397949
110,159.4117279,210.4411621,1,157.6346741,248.9014435,1,196.8965759,343.6460571,1,37.48484802,133.204895,39.26190186,94.74461365
111,159.9782715,210.2643738,1,158.112442,248.6174164,1,197.5558319,344.2406616,1,37.57756042,133.9762878,39.44338989,95.62324524
112,160.640213,210.0473633,1,158.9009552,248.2612305,1,197.8807373,344.2012939,1,37.24052429,134.1539307,38.9797821,95.94006348
113,160.9989624,209.5939636,1,159.5089417,248.1893616,1,198.0199585,344.565918,1,37.02099609,134.9719543,38.51101685,96.3765564
114,161.1205597,209.2511597,1,160.1209717,247.6906586,1,198.2350311,344.7200317,1,37.11447144,135.4688721,38.11405945,97.02937317
115,161.396347,209.6208344,1,160.4122314,247.5183716,1,198.5646362,344.8733826,1,37.16828918,135.2525482,38.15240479,97.35501099
116,162.049057,209.7691956,1,161.4466095,247.7937622,1,198.9546051,345.0058899,1,36.9055481,135.2366943,37.50799561,97.21212769
117,162.5254211,209.417511,1,162.1599426,248.2257843,1,199.0691681,345.1498718,1,36.54374695,135.7323608,36.90922546,96.92408752
118,162.7364044,209.8817596,1,162.6405182,248.5349884,1,199.2545013,345.4095764,1,36.51809692,135.5278168,36.61398315,96.87458801
119,163.1226807,211.0137634,1,163.0609894,249.8984375,1,199.7327118,345.5272217,1,36.61003113,134.5134583,36.67172241,95.62878418
120,162.8471069,212.4550781,1,163.8526917,251.817627,1,199.6876831,346.1732788,1,36.84057617,133.7182007,35.83499146,94.35565186
121,162.7205353,212.8105621,1,163.8204956,252.1374054,1,199.8503418,346.4154663,1,37.12980652,133.6049042,36.02984619,94.27806091
122,163.1640472,213.3224945,1,163.7924347,252.5744629,1,199.8766479,346.3636475,1,36.71260071,133.041153,36.08421326,93.78918457
123,163.7578583,213.6854858,1,164.1807709,252.9217987,1,200.3111572,347.2888794,1,36.55329895,133.6033936,36.13038635,94.36708069
124,164.0662689,213.8645325,1,164.7949371,253.3729858,1,200.3239288,347.3460388,1,36.25765991,133.4815063,35.5289917,93.97305298
125,164.6307373,214.0512085,1,165.3760376,252.5129089,1,200.6302185,347.5917358,1,35.9994812,133.5405273,35.25418091,95.0788269
126,164.9659424,214.0015564,1,165.6610565,252.0870972,1,200.7638092,347.87146,1,35.79786682,133.8699036,35.10275269,95.78436279
127,164.8852692,214.1971436,1,165.8623657,251.2245483,1,200.8649292,348.4819031,1,35.97966003,134.2847595,35.00256348,97.25735474
128,164.7503204,214.1106262,1,165.7707062,250.6382446,1,200.876297,348.5451965,1,36.12597656,134.4345703,35.10559082,97.9069519
129,164.8006287,214.3159485,1,165.6568756,250.3985901,1,201.188324,348.7980957,1,36.38769531,134.4821472,35.53144836,98.39950562
130,164.6854553,214.6971741,1,165.6662903,250.5032501,1,201.0713501,348.9248657,1,36.38589478,134.2276917,35.40505981,98.4216156
131,164.598526,215.291214,1,165.5538025,250.4757385,1,201.4831085,349.0977478,1,36.88458252,133.8065338,35.92930603,98.62200928
132,164.6208191,215.6640167,1,165.5189209,250.3441162,1,201.4443512,349.085968,1,36.8235321,133.4219513,35.9254303,98.74185181
133,164.4531555,215.8535919,1,165.5882111,250.5355072,1,201.4610748,349.1296387,1,37.00791931,133.2760468,35.87286377,98.59413147
134,164.275116,216.2223053,1,165.4513702,250.8478699,1,201.2386017,349.2427063,1,36.96348572,133.020401,35.78723145,98.39483643
135,163.8820953,216.3884277,1,164.9457703,250.9347382,1,201.2149811,349.2016907,1,37.33288574,132.8132629,36.26921082,98.26695251
136,163.2752991,216.2516937,1,164.544754,250.8726349,1,201.1798096,349.1906433,1,37.9045105,132.9389496,36.63505554,98.31800842
137,162.4563904,216.6672821,1,163.5947113,251.4906769,1,201.0880737,348.9432678,1,38.63168335,132.2759857,37.49336243,97.45259094
138,161.3628235,216.9351807,1,162.6230469,251.8129883,1,200.7869873,348.6824951,1,39.42416382,131.7473145,38.16394043,96.86950684
139,160.5561981,217.1345978,1,161.3444977,252.083374,1,200.3254242,348.2610168,1,39.76922607,131.1264191,38.98092651,96.17764282
140,159.8157806,217.1786804,1,160.3750763,252.7394714,1,199.7646027,348.0811462,1,39.94882202,130.9024658,39.38952637,95.3416748
141,158.4208984,217.7711334,1,158.8630829,253.1330719,1,199.2245331,347.9616089,1,40.80363464,130.1904755,40.3614502,94.82853699
142,157.3639221,218.1030884,1,158.092392,253.7332153,1,198.7314911,347.7048035,1,41.36756897,129.6017151,40.63909912,93.97158813
143,156.7364655,218.6345215,1,157.7432861,253.5410614,1,198.7899475,347.694458,1,42.05348206,129.0599365,41.04666138,94.15339661
144,156.7204132,218.8645325,1,157.6383209,253.5813141,1,198.6110229,347.7165833,1,41.89060974,128.8520508,40.97270203,94.13526917
145,156.3114166,219.2348175,1,157.4282684,253.601059,1,198.3913116,347.6618652,1,42.07989502,128.4270477,40.96304321,94.06080627
146,156.2323303,219.3714142,1,156.769165,254.3404388,1,198.4619904,347.6642151,1,42.22966003,128.2928009,41.69282532,93.32377625
147,155.0752869,219.5319061,1,155.4957581,255.1040344,1,198.4868011,347.4981079,1,43.41151428,127.9662018,42.99104309,92.39407349
148,153.59552,220.0309906,1,153.8489838,255.2817383,1,197.6768188,347.0641785,1,44.08129883,127.0331879,43.82783508,91.78244019
149,151.7086792,220.6751709,1,152.1494446,255.6363983,1,196.8668976,346.6972351,1,45.15821838,126.0220642,44.717453,91.06083679
150,150.3768768,220.8605194,1,150.7220917,256.1233215,1,196.5779724,346.6337585,1,46.20109558,125.7732391,45.85588074,90.51043701
151,149.6897278,221.0058289,1,150.0707703,256.302887,1,196.4371033,346.5835266,1,46.74737549,125.5776978,46.36633301,90.28063965
152,149.6081848,220.7280273,1,149.9762115,256.1762085,1,196.2290802,346.4266663,1,46.62089539,125.6986389,46.25286865,90.25045776
153,149.8013916,220.2031555,1,150.0608063,255.4885254,1,196.2607269,346.3591614,1,46.45933533,126.1560059,46.19992065,90.87063599
154,150.2777557,219.692276,1,150.4130096,255.2256775,1,196.439209,346.3865051,1,46.16145325,126.6942291,46.02619934,91.16082764
155,150.7982941,219.3044891,1,150.8837738,255.1072998,1,196.5340576,346.4125977,1,45.73576355,127.1081085,45.65028381,91.30529785
156,151.5780487,218.5818024,1,151.6898346,254.3800964,1,196.5146332,346.4725342,1,44.93658447,127.8907318,44.82479858,92.09243774
157,152.3052216,218.4243622,1,152.3757935,253.929718,1,196.6143646,346.6251221,1,44.30914307,128.2007599,44.23857117,92.69540405
158,152.7823639,218.0731812,1,152.8624725,253.7097931,1,196.7756042,346.7538147,1,43.99324036,128.6806335,43.91313171,93.04402161
159,152.9304352,218.0181732,1,152.8901672,253.7230988,1,196.7670135,346.885498,1,43.83657837,128.8673248,43.87684631,93.16239929
160,152.8962555,218.175293,1,152.7281799,253.9205322,1,196.8207397,346.9319763,1,43.92448425,128.7566833,44.09255981,93.01144409
161,151.9638214,219.6350555,1,152.1748352,254.8630981,1,196.8169556,346.9117737,1,44.85313416,127.2767181,44.64212036,92.04867554
162,150.1418915,220.814209,1,150.5033722,256.5872192,1,196.5479584,346.9773865,1,46.40606689,126.1631775,46.04458618,90.39016724
163,148.3158722,222.161911,1,148.2206726,258.3218384,1,196.6935272,346.8372192,1,48.37765503,124.6753082,48.47285461,88.51538086
164,146.9073486,222.1347198,1,146.7433014,258.3000793,1,196.3100586,346.6229553,1,49.40270996,124.4882355,49.5667572,88.32287598
165,146.542099,221.4624481,1,146.2924194,257.7796021,1,196.0932007,346.6854858,1,49.55110168,125.2230377,49.80078125,88.90588379
166,147.5939178,220.6539612,1,146.8050232,256.9793091,1,196.0454712,346.7194824,1,48.45155334,126.0655212,49.240448,89.74017334
167,148.5345459,219.5397491,1,148.8385468,255.4614258,1,196.0609741,346.5137329,1,47.52642822,126.9739838,47.22242737,91.05230713
168,149.750824,217.3989258,1,149.7281647,254.1016846,1,196.168457,346.5080872,1,46.41763306,129.1091614,46.44029236,92.40640259
169,151.3788605,216.3794098,1,151.4624176,251.9529114,1,196.8486481,346.7175293,1,45.4697876,130.3381195,45.38623047,94.76461792
170,152.5845947,215.3987579,1,153.154953,251.0606689,1,197.2404327,346.8274231,1,44.65583801,131.4286652,44.08547974,95.76675415
171,153.4880524,214.892807,1,154.6522217,250.6761627,1,197.2894592,346.6637878,1,43.80140686,131.7709808,42.63723755,95.98762512
172,154.1415405,214.9286652,1,155.1372986,251.0014954,1,197.8558197,346.8493958,1,43.71427917,131.9207306,42.71852112,95.84790039
173,154.733429,215.3493042,1,155.2983856,251.2452545,1,198.6233826,346.9952087,1,43.88995361,131.6459045,43.32499695,95.74995422
174,154.0974426,216.8262329,1,155.7296448,251.796875,1,199.7556763,347.5013123,1,45.65823364,130.6750793,44.02603149,95.70443726
175,152.8930206,217.7376556,1,154.9322205,253.1470184,1,200.1877136,347.9843445,1,47.29469299,130.2466888,45.25549316,94.83732605
176,151.5896912,218.3609467,1,153.3411255,254.6768799,1,200.4389038,348.27005,1,48.84921265,129.9091034,47.09777832,93.59317017
177,150.287323,219.7854614,1,152.611084,255.7163391,1,200.5173492,348.2796936,1,50.23002625,128.4942322,47.90626526,92.56335449
178,149.8508301,220.0593567,1,151.945343,256.2997437,1,200.364563,348.5516052,1,50.51373291,128.4922485,48.41921997,92.25186157
179,150.0350952,219.9558563,1,151.9942627,256.1737061,1,200.0163574,348.5950928,1,49.98126221,128.6392365,48.02209473,92.42138672
180,150.6910095,219.3072052,1,153.1934357,256.0170288,1,201.3183289,349.1903381,1,50.62731934,129.8831329,48.12489319,93.17330933
181,150.9619141,218.717392,1,153.6157532,255.1392517,1,200.9530792,349.291748,1,49.99116516,130.5743561,47.33732605,94.15249634
182,151.9573822,217.7741089,1,154.3107605,254.1033783,1,200.6060944,349.0071716,1,48.64871216,131.2330627,46.29533386,94.90379333
183,152.3450165,217.4628601,1,154.7812042,253.8530579,1,200.3549957,348.7963257,1,48.00997925,131.3334656,45.5737915,94.94326782
184,152.7334747,217.0041809,1,155.1336823,253.4724426,1,200.1695251,348.5907593,1,47.43605042,131.5865784,45.0358429,95.11831665
185,153.701416,215.9951324,1,155.5497437,252.3875732,1,200.1674194,348.6078491,1,46.46600342,132.6127167,44.61767578,96.22027588
186,154.7148285,215.0080261,1,156.0923004,251.3553619,1,200.0993958,348.3328247,1,45.38456726,133.3247986,44.00709534,96.97746277
187,155.4950409,213.1151581,1,156.7268677,250.3539276,1,199.8718262,348.2640991,1,44.37678528,135.148941,43.1449585,97.91017151
188,156.2298279,211.6425934,1,157.7561493,249.6137848,1,199.9430542,348.3283691,1,43.71322632,136.6857758,42.18690491,98.71458435
189,157.355072,210.2722321,1,159.5664673,248.2249603,1,199.8600769,348.3310547,1,42.50500488,138.0588226,40.29360962,100.1060944
190,158.5395813,208.7708435,1,160.5672913,247.8562622,1,200.2085266,348.5091553,1,41.66894531,139.7383118,39.64123535,100.6528931
191,160.2669067,208.0806122,1,162.1017914,246.5823822,1,200.6634216,348.2559204,1,40.39651489,140.1753082,38.56163025,101.6735382
192,161.1693115,206.5022278,1,163.3366089,245.383255,1,200.5902252,348.2098999,1,39.4209137,141.7076721,37.25361633,102.8266449
193,162.0433807,206.1461334,1,163.9224091,244.4180145,1,200.8269501,348.2037964,1,38.78356934,142.057663,36.90454102,103.7857819
194,162.0504456,205.7926941,1,164.188858,243.0029602,1,201.1976929,348.3349609,1,39.14724731,142.5422668,37.00883484,105.3320007
195,162.0824738,205.8903198,1,164.0902863,243.5238037,1,201.116272,348.1981812,1,39.03379822,142.3078613,37.02598572,104.6743774
196,160.879837,207.2292938,1,163.098465,245.59375,1,201.7391663,348.0401611,1,40.85932922,140.8108673,38.64070129,102.4464111
197,158.7234497,209.4276123,1,159.5943451,247.5461731,1,201.3083954,347.789917,1,42.58494568,138.3623047,41.71405029,100.2437439
198,154.9916992,211.5948639,1,155.8316345,249.1249542,1,200.8225403,347.6142273,1,45.83084106,136.0193634,44.99090576,98.48927307
199,151.9675598,211.6611176,1,152.4837341,249.5627899,1,200.9631958,347.3601379,1,48.99563599,135.6990204,48.47946167,97.79734802
200,150.7131805,210.8523102,1,150.9236908,249.0402222,1,200.7200623,347.249115,1,50.00688171,136.3968048,49.79637146,98.20889282
201,150.974762,209.7523956,1,150.6512451,248.3780212,1,200.2574005,347.2643738,1,49.28263855,137.5119781,49.6061554,98.88635254
202,151.1383667,208.552887,1,150.8303375,246.9992676,1,200.0068817,347.1894226,1,48.86851501,138.6365356,49.17654419,100.190155
203,151.2853851,208.2012634,1,151.6438141,246.1647644,1,200.1355133,346.9794617,1,48.85012817,138.7781982,48.49169922,100.8146973
204,151.2970581,207.6351013,1,152.0000763,245.5727081,1,200.1632996,346.8843689,1,48.86624146,139.2492676,48.16322327,101.3116608
205,151.3518677,207.3680115,1,151.9584045,245.6797943,1,200.1658325,346.5587769,1,48.81396484,139.1907654,48.20742798,100.8789825
206,151.0132446,207.6990051,1,151.550827,245.8292084,1,200.3997192,346.4512024,1,49.38647461,138.7521973,48.84889221,100.621994
207,150.0796814,208.8591461,1,150.1767426,246.6993866,1,200.8340607,346.4897766,1,50.75437927,137.6306305,50.65731812,99.79039001
208,148.6737976,210.5844574,1,149.0740356,248.1065674,1,200.8020172,346.1321716,1,52.1282196,135.5477142,51.72798157,98.02560425
209,146.4819336,212.1252289,1,147.7516022,249.0643158,1,200.3907318,345.5267029,1,53.90879822,133.401474,52.63912964,96.46238708
210,146.3009491,212.4171295,1,147.1797943,249.1477356,1,200.4766846,345.5602417,1,54.17573547,133.1431122,53.29689026,96.4125061
211,146.5744324,212.2228241,1,147.8499908,249.1424561,1,200.8349457,345.7661133,1,54.26051331,133.5432892,52.98495483,96.62365723
212,147.9570923,211.6699829,1,149.1600037,248.602356,1,201.5590973,345.9909363,1,53.602005,134.3209534,52.39909363,97.38858032
213,149.5428619,211.1529083,1,150.7471924,248.2575836,1,202.4171143,346.1540833,1,52.87425232,135.0011749,51.66992188,97.89649963
214,150.6695251,210.4013062,1,152.6839447,247.551712,1,202.8729858,346.8118286,1,52.20346069,136.4105225,50.18904114,99.26011658
215,152.066864,210.9251099,1,153.9489288,247.260376,1,203.2783508,347.252655,1,51.21148682,136.3275452,49.329422,99.99227905
216,152.999115,210.7166138,1,154.9101105,247.0525208,1,203.1915741,347.4463196,1,50.19245911,136.7297058,48.28146362,100.3937988
217,153.6253967,210.3448792,1,155.3331757,246.7823029,1,202.8031006,347.664032,1,49.17770386,137.3191528,47.46992493,100.8817291
218,154.1006622,210.3056488,1,155.5434723,246.8071289,1,202.6675262,347.8131409,1,48.56686401,137.5074921,47.12405396,101.006012
219,154.3858948,210.0080109,1,155.5480652,246.6160583,1,202.5560455,347.8121033,1,48.17015076,137.8040924,47.00798035,101.1960449
220,154.9262848,209.4213867,1,155.662262,246.2889557,1,202.483551,347.8469543,1,47.55726624,138.4255676,46.82128906,101.5579987
221,155.3525085,208.9210663,1,155.7221375,245.8435059,1,202.3714905,347.7805176,1,47.01898193,138.8594513,46.64935303,101.9370117
222,155.7756348,208.1183319,1,156.4238129,245.1733246,1,202.4353943,347.565979,1,46.65975952,139.4476471,46.01158142,102.3926544
223,156.7527466,207.2723236,1,156.6839905,244.4617157,1,202.5390625,347.5817261,1,45.78631592,140.3094025,45.85507202,103.1200104
224,157.2913513,206.5948029,1,157.2322845,243.5868225,1,202.5011292,347.6118469,1,45.20977783,141.0170441,45.2688446,104.0250244
225,157.9638214,206.0188293,1,157.8507385,242.7181854,1,202.3266907,347.699585,1,44.36286926,141.6807556,44.47595215,104.9813995
226,159.0929413,205.8582306,1,158.9031525,241.9811249,1,202.4227448,347.6530151,1,43.32980347,141.7947845,43.51959229,105.6718903
227,160.1629791,205.3656769,1,160.0990906,241.4141846,1,202.5592957,347.6852112,1,42.39631653,142.3195343,42.46020508,106.2710266
228,161.2775116,204.4465485,1,161.0005798,240.524704,1,202.2622986,347.7541504,1,40.98478699,143.3076019,41.26171875,107.2294464
229,162.0821381,203.6018982,1,162.0912933,239.5260468,1,202.3969421,347.7180176,1,40.31480408,144.1161194,40.3056488,108.1919708
230,163.2707367,202.450531,1,163.4446564,238.9408417,1,202.7441406,347.7196655,1,39.47340393,145.2691345,39.29948425,108.7788239
231,164.2258301,202.2439575,1,163.9959412,238.2837524,1,202.8265991,347.4247742,1,38.60076904,145.1808167,38.83065796,109.1410217
232,164.6737061,201.7922211,1,163.8400574,237.1537628,1,202.7045898,347.1445007,1,38.03088379,145.3522797,38.86453247,109.9907379
233,164.8827515,200.9223175,1,163.8717041,235.9314423,1,202.5141754,347.1083069,1,37.63142395,146.1859894,38.64247131,111.1768646
234,164.4048309,199.5480499,1,162.8592529,234.8385925,1,201.7825317,346.7149963,1,37.37770081,147.1669464,38.92327881,111.8764038
235,162.6013641,197.9345703,1,159.9868317,232.4897919,1,201.4531708,345.8684082,1,38.85180664,147.9338379,41.46633911,113.3786163
236,160.4978638,197.569046,1,156.0497437,231.1550751,1,200.4891052,344.1544495,1,39.99124146,146.5854034,44.43936157,112.9993744
237,157.412323,196.7487793,1,152.0362091,230.6627808,1,199.3452454,343.2374878,1,41.93292236,146.4887085,47.30903625,112.574707
238,154.3044128,195.633606,1,148.4627838,229.8426666,1,197.1562958,341.5557251,1,42.85188293,145.9221191,48.69351196,111.7130585
239,152.3843994,195.0796509,1,146.1589355,228.9754486,1,196.2911987,340.7182007,1,43.90679932,145.6385498,50.13226318,111.7427521
240,150.5842285,194.2462006,1,143.7705536,227.8289642,1,195.2058716,340.1841125,1,44.62164307,145.937912,51.43531799,112.3551483
241,149.2890778,194.883194,1,142.5673676,227.1869659,1,195.0603027,339.5623474,1,45.77122498,144.6791534,52.49293518,112.3753815
242,148.1946716,195.6601868,1,141.3244781,226.8029633,1,194.9164124,339.4508362,1,46.72174072,143.7906494,53.5919342,112.6478729
243,147.2711182,196.0276794,1,140.5713654,226.4609985,1,194.6226349,339.1145325,1,47.35151672,143.086853,54.05126953,112.6535339
244,146.8187103,196.173645,1,139.9985657,226.129776,1,194.1532593,339.0432434,1,47.33454895,142.8695984,54.1546936,112.9134674
245,146.9369812,195.888443,1,139.7287445,226.0324097,1,194.109024,339.0132446,1,47.17204285,143.1248016,54.38027954,112.980835
246,146.9077759,195.4892426,1,139.42099,225.9890442,1,193.6687317,338.6625977,1,46.76095581,143.1733551,54.2477417,112.6735535
247,146.9104309,195.0750732,1,139.417511,225.425766,1,193.6027222,338.4152832,1,46.69229126,143.34021,54.18521118,112.9895172
248,146.5370178,194.5138702,1,139.1840973,225.1144409,1,193.200882,338.2573242,1,46.66386414,143.743454,54.01678467,113.1428833
249,146.7433014,194.0899811,1,139.3923187,224.2882843,1,193.2889099,337.8675537,1,46.54560852,143.7775726,53.89659119,113.5792694
250,147.3330994,193.5740051,1,139.6206512,223.5639801,1,193.3592529,337.7148438,1,46.02615356,144.1408386,53.73860168,114.1508636
251,148.2712555,193.1297607,1,140.4560394,223.3680115,1,193.4211884,337.5911255,1,45.14993286,144.4613647,52.96514893,114.223114
252,149.5912781,192.5605164,1,141.4734802,222.7323151,1,193.6341858,337.6572876,1,44.04290771,145.0967712,52.16070557,114.9249725
253,150.7922668,192.8400879,1,142.7617493,222.603363,1,193.9385834,338.0703735,1,43.14631653,145.2302856,51.17683411,115.4670105
254,151.4404297,193.405014,1,143.4906769,223.1935425,1,194.5564117,338.2650757,1,43.11598206,144.8600616,51.06573486,115.0715332
255,152.7263489,193.5008087,1,144.5104065,224.0670319,1,196.3657074,340.0848999,1,43.63935852,146.5840912,51.8553009,116.017868
256,153.2793732,193.8785858,1,146.0955505,225.2555084,1,197.3448486,340.8887939,1,44.06547546,147.0102081,51.2492981,115.6332855
257,154.8930664,195.0875092,1,147.7392731,226.5740204,1,198.5410919,342.1737366,1,43.64802551,147.0862274,50.80181885,115.5997162
258,156.322464,195.3417664,1,148.6252747,227.3563232,1,199.5719604,342.6365967,1,43.24949646,147.2948303,50.94668579,115.2802734
259,156.7928925,195.9575653,1,149.6876068,228.4482574,1,200.2309265,343.3041077,1,43.43803406,147.3465424,50.5433197,114.8558502
260,157.3648071,197.1113129,1,150.6239624,230.1735687,1,200.9978485,343.945343,1,43.63304138,146.8340302,50.37388611,113.7717743
261,157.9266052,198.1475525,1,151.4973297,230.6736908,1,202.1012421,345.4169006,1,44.17463684,147.2693481,50.60391235,114.7432098
262,158.4135132,198.354126,1,152.3418732,231.3401947,1,201.7274017,345.2017822,1,43.31388855,146.8476563,49.38552856,113.8615875
263,158.7075806,198.8829498,1,152.9711304,232.0811462,1,202.5266113,345.8591003,1,43.81903076,146.9761505,49.55548096,113.7779541
264,159.2666626,199.1959229,1,153.48349,233.1345673,1,202.1434631,345.5465088,1,42.87680054,146.3505859,48.65997314,112.4119415
265,159.9237366,199.8611603,1,153.9953613,233.5991669,1,202.3209991,345.627594,1,42.39726257,145.7664337,48.32563782,112.0284271
266,159.9755402,200.594635,1,154.4259186,234.4271698,1,202.4600677,345.6025696,1,42.48452759,145.0079346,48.03414917,111.1753998
267,160.2516022,201.1422272,1,155.2516327,234.4963074,1,203.3690338,345.7794189,1,43.11743164,144.6371918,48.11740112,111.2831116
268,160.2803497,201.9864807,1,155.9392242,235.5750885,1,203.461792,345.6940002,1,43.18144226,143.7075195,47.52256775,110.1189117
269,160.7787018,203.0746002,1,156.2973938,236.5678253,1,203.835434,345.8249207,1,43.05673218,142.7503204,47.53804016,109.2570953
270,161.2730713,203.5471802,1,156.5358124,237.3341064,1,204.1534119,345.8800964,1,42.88034058,142.3329163,47.61759949,108.54599
271,161.6402893,204.0218811,1,157.4046478,237.7874146,1,203.964035,345.67453,1,42.32374573,141.6526489,46.55938721,107.8871155
272,161.9533539,204.062439,1,158.070816,237.9177551,1,204.2480316,345.623291,1,42.29467773,141.5608521,46.17721558,107.7055359
273,162.3718262,204.5443878,1,158.2559967,238.2006073,1,204.0447693,345.494873,1,41.67294312,140.9504852,45.78877258,107.2942657
274,162.3680878,204.9759827,1,158.6016083,238.4563904,1,204.0674133,345.4128418,1,41.69932556,140.4368591,45.46580505,106.9564514
275,162.7962646,205.0163269,1,159.0779114,238.4614868,1,203.6025238,345.26474,1,40.80625916,140.2484131,44.52461243,106.8032532
276,162.9910278,205.0951691,1,159.5129089,238.5629272,1,203.7328644,345.3616638,1,40.74183655,140.2664948,44.21995544,106.7987366
277,163.4088593,205.3546753,1,160.3349304,238.8460541,1,204.3951569,345.3883362,1,40.98629761,140.0336609,44.06022644,106.5422821
278,163.9181671,205.2710876,1,160.8681335,238.8218689,1,204.4543915,345.2382202,1,40.53622437,139.9671326,43.58625793,106.4163513
279,164.214325,205.3089905,1,161.1347656,238.9162598,1,204.3322906,345.1658936,1,40.1179657,139.8569031,43.19752502,106.2496338
280,164.3521881,205.5616608,1,161.379303,239.3937988,1,204.3751373,345.2122192,1,40.02294922,139.6505585,42.99583435,105.8184204
281,164.4505463,205.9772644,1,161.3394165,240.0817261,1,204.5757141,345.272583,1,40.12516785,139.2953186,43.23629761,105.1908569
282,164.4057312,206.504715,1,161.1988831,240.8611298,1,204.2957306,344.95755,1,39.88999939,138.4528351,43.09684753,104.0964203
283,164.6041107,206.6880341,1,161.4429321,241.5387878,1,204.3434448,345.1594543,1,39.73933411,138.4714203,42.9005127,103.6206665
284,164.7169037,206.6777802,1,161.8771362,241.6480713,1,204.045639,345.0178223,1,39.32873535,138.3400421,42.16850281,103.369751
285,164.9450226,206.4508057,1,162.3365021,241.8876495,1,203.8765106,345.0519714,1,38.93148804,138.6011658,41.54000854,103.1643219
286,165.1446686,206.2956543,1,162.1437683,241.9326782,1,204.045639,345.150238,1,38.90097046,138.8545837,41.90187073,103.2175598
287,165.2615204,206.6369934,1,162.4494781,242.0903168,1,204.0867462,345.1871643,1,38.82522583,138.5501709,41.63726807,103.0968475
288,165.2719879,206.9320526,1,163.0072327,242.5255127,1,204.2310486,345.0750732,1,38.95906067,138.1430206,41.22381592,102.5495605
289,165.3341522,207.3031006,1,162.9845734,242.7245331,1,204.0264893,344.9401245,1,38.69233704,137.6370239,41.04191589,102.2155914
290,164.9578705,207.9095154,1,163.1606903,243.4616547,1,204.0167999,344.9714355,1,39.05892944,137.0619202,40.85610962,101.5097809
291,164.4391937,208.9494629,1,162.2581482,244.9084167,1,204.0683899,344.9842529,1,39.62919617,136.03479,41.8102417,100.0758362
292,162.8736877,210.2644043,1,161.0761719,246.2382507,1,203.5114746,344.5917358,1,40.63778687,134.3273315,42.43530273,98.35348511
293,161.2442932,211.1197205,1,159.9272308,246.737915,1,203.2426758,344.1558533,1,41.99838257,133.0361328,43.31544495,97.41793823
294,160.7513123,211.3043823,1,158.5783691,247.0310211,1,202.6604767,343.9563599,1,41.90916443,132.6519775,44.08210754,96.92533875
295,160.6580353,211.1955872,1,158.4764862,247.0408478,1,202.3785706,343.9647522,1,41.72053528,132.769165,43.90208435,96.92390442
296,160.6897736,211.2802582,1,158.7633209,247.1820221,1,202.2688599,343.8872681,1,41.5790863,132.6070099,43.50553894,96.70524597
297,160.9447479,211.3729706,1,159.2559662,247.1035004,1,202.1569214,343.7276917,1,41.21217346,132.3547211,42.9009552,96.62419128
298,161.3954773,211.1515656,1,159.129425,247.4130402,1,202.1621399,343.7641602,1,40.7666626,132.6125946,43.03271484,96.35112
299,161.5983582,211.1188812,1,159.1415863,247.2805023,1,201.733551,343.3005371,1,40.13519287,132.1816559,42.59196472,96.02003479
300,162.0816193,209.9497223,1,159.0917664,246.5179138,1,201.5050507,342.6927185,1,39.4234314,132.7429962,42.4132843,96.17480469
301,161.8924103,209.412323,1,158.8108368,245.9210205,1,201.6625061,342.5487976,1,39.77009583,133.1364746,42.85166931,96.6277771
302,161.9367828,209.1413727,1,158.8384705,245.2142639,1,201.4867096,342.4533081,1,39.54992676,133.3119354,42.64823914,97.23904419
303,161.8544159,208.7453308,1,159.1160126,244.716507,1,201.1757813,342.0126953,1,39.32136536,133.2673645,42.05976868,97.29618835
304,162.296051,208.3564148,1,159.0681152,244.5817413,1,200.9656982,341.7216797,1,38.66964722,133.3652649,41.89758301,97.13993835
305,162.4679108,207.9865875,1,159.1197205,244.1137848,1,200.8143463,341.5573425,1,38.34643555,133.570755,41.69462585,97.44355774
306,162.5110626,207.455719,1,158.9628754,243.915741,1,200.6388245,341.3107605,1,38.12776184,133.8550415,41.6759491,97.39501953
